"CBSA","CBSA Code","Year","Days with AQI","Good Days","Moderate Days","Unhealthy for Sensitive Groups Days","Unhealthy Days","Very Unhealthy Days","Hazardous Days","Max AQI","90th Percentile AQI","Median AQI","Days CO","Days NO2","Days Ozone","Days SO2","Days PM2.5","Days PM10"
"Aberdeen, WA","10140",2017,59,55,4,0,0,0,0,56,45,25,0,0,0,0,59,0
"Adrian, MI","10300",2017,30,23,7,0,0,0,0,69,54,33,0,0,0,0,30,0
"Akron, OH","10420",2017,90,70,20,0,0,0,0,87,59,38,0,0,21,0,69,0
"Albany, GA","10500",2017,84,53,30,0,1,0,0,151,71,45,0,0,0,0,84,0
"Albany-Schenectady-Troy, NY","10580",2017,90,63,24,3,0,0,0,122,67,41,0,0,57,0,33,0
"Amarillo, TX","11100",2017,59,52,5,2,0,0,0,110,67,38,0,0,46,9,4,0
"Americus, GA","11140",2017,30,28,2,0,0,0,0,58,49,44,0,0,30,0,0,0
"Anchorage, AK","11260",2017,109,92,17,0,0,0,0,80,58,25,0,0,0,0,52,57
"Ann Arbor, MI","11460",2017,69,59,10,0,0,0,0,92,54,33,0,0,46,0,23,0
"Appleton, WI","11540",2017,31,27,4,0,0,0,0,85,55,30,0,0,0,0,31,0
"Ardmore, OK","11620",2017,80,66,14,0,0,0,0,97,54,44,0,0,52,0,28,0
"Arkadelphia, AR","11660",2017,58,57,1,0,0,0,0,58,41,31,0,0,58,0,0,0
"Asheville, NC","11700",2017,90,59,15,15,1,0,0,152,117,45,0,0,20,32,38,0
"Ashtabula, OH","11780",2017,90,89,1,0,0,0,0,54,39,3,0,0,31,59,0,0
"Athens, OH","11900",2017,15,14,1,0,0,0,0,56,35,24,0,0,0,0,15,0
"Athens, TN","11940",2017,20,18,2,0,0,0,0,63,58,34,0,0,0,0,20,0
"Athens-Clarke County, GA","12020",2017,86,74,12,0,0,0,0,66,54,38,0,0,24,0,62,0
"Atlanta-Sandy Springs-Roswell, GA","12060",2017,90,48,42,0,0,0,0,75,63,49,0,9,27,0,54,0
"Augusta-Richmond County, GA-SC","12260",2017,120,84,35,0,0,0,1,364,61,46,0,0,68,3,48,1
"Augusta-Waterville, ME","12300",2017,86,85,1,0,0,0,0,62,41,18,0,59,25,0,2,0
"Austin-Round Rock, TX","12420",2017,59,51,8,0,0,0,0,75,58,40,0,7,31,0,21,0
"Bakersfield, CA","12540",2017,85,75,9,1,0,0,0,128,59,33,0,0,23,0,57,5
"Baltimore-Columbia-Towson, MD","12580",2017,120,88,32,0,0,0,0,84,58,43,0,9,64,0,47,0
"Bangor, ME","12620",2017,112,106,6,0,0,0,0,77,46,36,0,0,57,0,53,2
"Baraboo, WI","12660",2017,31,26,5,0,0,0,0,56,54,29,0,0,0,0,31,0
"Barnstable Town, MA","12700",2017,83,83,0,0,0,0,0,50,44,40,0,0,83,0,0,0
"Bartlesville, OK","12780",2017,120,86,33,1,0,0,0,107,61,40,0,0,65,0,55,0
"Baton Rouge, LA","12940",2017,120,76,42,2,0,0,0,105,69,47,0,1,58,2,59,0
"Bay City, MI","13020",2017,30,25,5,0,0,0,0,80,57,30,0,0,0,0,30,0
"Beaumont-Port Arthur, TX","13140",2017,90,53,35,2,0,0,0,106,82,47,0,0,37,37,16,0
"Beaver Dam, WI","13180",2017,31,24,7,0,0,0,0,79,62,34,0,0,12,0,19,0
"Bellingham, WA","13380",2017,59,42,17,0,0,0,0,94,69,29,0,0,0,28,31,0
"Big Spring, TX","13700",2017,59,44,13,2,0,0,0,111,74,24,0,0,0,59,0,0
"Billings, MT","13740",2017,59,49,10,0,0,0,0,70,59,33,0,0,0,1,58,0
"Birmingham-Hoover, AL","13820",2017,120,49,67,4,0,0,0,116,79,54,0,2,28,30,60,0
"Bishop, CA","13860",2017,90,87,3,0,0,0,0,72,45,39,0,0,73,0,0,17
"Bismarck, ND","13900",2017,90,86,4,0,0,0,0,70,46,36,0,0,66,1,23,0
"Blacksburg-Christiansburg-Radford, VA","13980",2017,56,56,0,0,0,0,0,50,45,35,0,0,56,0,0,0
"Bloomington, IL","14010",2017,90,73,17,0,0,0,0,84,59,38,0,0,35,0,55,0
"Bloomington, IN","14020",2017,86,79,7,0,0,0,0,64,47,32,0,0,26,0,60,0
"Borger, TX","14420",2017,47,40,3,4,0,0,0,116,82,3,0,0,0,47,0,0
"Boston-Cambridge-Newton, MA-NH","14460",2017,90,2,88,0,0,0,0,80,70,62,0,0,0,0,90,0
"Boulder, CO","14500",2017,95,90,5,0,0,0,0,70,48,42,0,0,80,0,14,1
"Bowling Green, KY","14540",2017,90,89,1,0,0,0,0,51,46,38,0,0,70,0,20,0
"Bozeman, MT","14580",2017,90,81,9,0,0,0,0,74,52,15,18,27,0,0,45,0
"Branson, MO","14700",2017,31,30,1,0,0,0,0,58,48,38,0,0,31,0,0,0
"Bremerton-Silverdale, WA","14740",2017,55,53,2,0,0,0,0,57,33,16,0,0,0,0,55,0
"Brownsville-Harlingen, TX","15180",2017,59,58,1,0,0,0,0,54,44,33,0,0,59,0,0,0
"Brunswick, GA","15260",2017,48,44,4,0,0,0,0,62,47,38,0,0,31,0,17,0
"Buffalo-Cheektowaga-Niagara Falls, NY","15380",2017,90,72,18,0,0,0,0,65,54,39,0,5,40,0,45,0
"Butte-Silver Bow, MT","15580",2017,59,27,29,3,0,0,0,108,93,54,0,0,0,0,59,0
"Cadillac, MI","15620",2017,68,66,2,0,0,0,0,57,40,33,0,0,57,0,11,0
"Cambridge, MD","15700",2017,90,81,9,0,0,0,0,63,51,41,0,0,61,0,29,0
"Canton-Massillon, OH","15940",2017,90,69,21,0,0,0,0,81,62,40,5,0,21,0,64,0
"Carson City, NV","16180",2017,1,1,0,0,0,0,0,9,9,9,0,0,0,0,1,0
"Casper, WY","16220",2017,90,90,0,0,0,0,0,49,46,42,0,4,83,0,3,0
"Ca?on City, CO","15860",2017,8,8,0,0,0,0,0,44,44,10,0,0,0,0,0,8
"Cedar Rapids, IA","16300",2017,120,96,24,0,0,0,0,72,60,39,0,0,39,5,76,0
"Centralia, WA","16500",2017,59,53,6,0,0,0,0,70,51,24,0,0,0,0,59,0
"Champaign-Urbana, IL","16580",2017,90,67,23,0,0,0,0,81,57,38,0,0,38,0,52,0
"Charleston, WV","16620",2017,90,80,10,0,0,0,0,63,55,39,0,0,38,0,52,0
"Charleston-North Charleston, SC","16700",2017,120,98,22,0,0,0,0,80,58,44,0,1,82,0,37,0
"Charlotte-Concord-Gastonia, NC-SC","16740",2017,120,80,40,0,0,0,0,84,60,46,0,0,59,0,61,0
"Charlottesville, VA","16820",2017,49,47,2,0,0,0,0,55,45,30,0,0,15,0,34,0
"Chattanooga, TN-GA","16860",2017,83,64,19,0,0,0,0,75,58,42,0,0,24,0,59,0
"Cheyenne, WY","16940",2017,30,30,0,0,0,0,0,37,27,13,0,0,0,0,29,1
"Chicago-Naperville-Elgin, IL-IN-WI","16980",2017,120,65,54,1,0,0,0,102,70,46,0,13,12,2,79,14
"Chico, CA","17020",2017,37,29,8,0,0,0,0,91,59,24,0,0,0,0,37,0
"Cincinnati, OH-KY-IN","17140",2017,90,58,32,0,0,0,0,78,63,44,0,6,19,0,64,1
"Claremont-Lebanon, NH-VT","17200",2017,59,59,0,0,0,0,0,45,42,35,0,0,59,0,0,0
"Clarksville, TN-KY","17300",2017,54,52,2,0,0,0,0,54,44,36,0,0,48,0,6,0
"Clearlake, CA","17340",2017,31,31,0,0,0,0,0,40,37,31,0,0,31,0,0,0
"Cleveland-Elyria, OH","17460",2017,90,58,32,0,0,0,0,93,65,43,0,6,28,2,54,0
"Clinton, IA","17540",2017,120,38,82,0,0,0,0,89,70,55,0,0,8,0,112,0
"College Station-Bryan, TX","17780",2017,59,59,0,0,0,0,0,14,7,1,0,0,0,59,0,0
"Colorado Springs, CO","17820",2017,93,79,14,0,0,0,0,73,54,44,0,0,73,0,17,3
"Columbia, MO","17860",2017,31,28,3,0,0,0,0,58,50,40,0,0,31,0,0,0
"Columbia, SC","17900",2017,120,83,37,0,0,0,0,88,60,45,0,0,78,0,42,0
"Columbus, GA-AL","17980",2017,89,66,23,0,0,0,0,92,66,41,0,0,16,0,73,0
"Columbus, IN","18020",2017,114,105,9,0,0,0,0,75,49,28,0,0,0,0,114,0
"Columbus, OH","18140",2017,90,80,10,0,0,0,0,72,53,36,0,16,23,0,51,0
"Cookeville, TN","18260",2017,20,20,0,0,0,0,0,47,45,23,0,0,0,0,20,0
"Corning, NY","18500",2017,90,89,1,0,0,0,0,51,41,34,6,0,80,0,4,0
"Corpus Christi, TX","18580",2017,59,45,14,0,0,0,0,80,60,43,0,0,31,0,28,0
"Corsicana, TX","18620",2017,59,47,11,1,0,0,0,121,58,39,0,0,34,8,17,0
"Craig, CO","18780",2017,90,88,2,0,0,0,0,71,47,42,0,0,90,0,0,0
"Cullowhee, NC","19000",2017,30,29,1,0,0,0,0,52,41,29,0,0,0,0,30,0
"Dallas-Fort Worth-Arlington, TX","19100",2017,59,43,16,0,0,0,0,87,57,43,0,6,28,0,25,0
"Dalton, GA","19140",2017,26,24,2,0,0,0,0,64,49,46,0,0,26,0,0,0
"Daphne-Fairhope-Foley, AL","19300",2017,48,45,3,0,0,0,0,58,49,36,0,0,27,0,21,0
"Davenport-Moline-Rock Island, IA-IL","19340",2017,120,37,82,1,0,0,0,103,71,55,0,0,8,0,98,14
"Dayton, OH","19380",2017,120,95,25,0,0,0,0,73,58,40,0,0,72,0,48,0
"Decatur, AL","19460",2017,90,84,6,0,0,0,0,59,48,34,0,0,26,0,64,0
"Decatur, IL","19500",2017,90,80,10,0,0,0,0,70,52,36,0,0,45,7,38,0
"Denver-Aurora-Lakewood, CO","19740",2017,106,44,62,0,0,0,0,86,73,53,0,38,28,0,28,12
"Des Moines-West Des Moines, IA","19780",2017,120,100,20,0,0,0,0,74,54,39,0,1,58,0,61,0
"Detroit-Warren-Dearborn, MI","19820",2017,90,54,34,2,0,0,0,137,69,43,0,8,0,9,50,23
"Dickinson, ND","19860",2017,90,90,0,0,0,0,0,44,41,35,0,0,86,0,4,0
"Dodge City, KS","19980",2017,89,86,1,1,1,0,0,187,31,11,0,0,0,0,0,89
"Dothan, AL","20020",2017,49,44,4,1,0,0,0,131,51,38,0,0,27,0,22,0
"Douglas, GA","20060",2017,4,4,0,0,0,0,0,38,38,30,0,0,0,0,4,0
"Dover, DE","20100",2017,119,102,17,0,0,0,0,81,54,40,0,0,82,0,37,0
"Duluth, MN-WI","20260",2017,90,90,0,0,0,0,0,44,41,35,0,0,90,0,0,0
"Durango, CO","20420",2017,120,94,25,1,0,0,0,108,71,45,0,0,114,0,6,0
"Durant, OK","20460",2017,53,48,5,0,0,0,0,80,50,41,0,0,53,0,0,0
"Durham-Chapel Hill, NC","20500",2017,90,64,26,0,0,0,0,71,57,44,0,0,34,0,56,0
"Dyersburg, TN","20540",2017,19,19,0,0,0,0,0,48,41,29,0,0,0,0,19,0
"Eagle Pass, TX","20580",2017,52,44,8,0,0,0,0,79,55,28,0,0,0,0,52,0
"Eau Claire, WI","20740",2017,31,24,7,0,0,0,0,85,61,38,0,0,0,0,31,0
"Effingham, IL","20820",2017,31,31,0,0,0,0,0,45,44,37,0,0,31,0,0,0
"El Centro, CA","20940",2017,48,40,8,0,0,0,0,90,58,33,0,0,0,0,48,0
"El Dorado, AR","20980",2017,30,27,3,0,0,0,0,53,51,29,0,0,0,0,30,0
"El Paso, TX","21340",2017,90,63,25,1,1,0,0,154,67,45,0,24,41,0,25,0
"Elizabethtown-Fort Knox, KY","21060",2017,31,30,1,0,0,0,0,51,43,30,0,0,0,0,31,0
"Elkhart-Goshen, IN","21140",2017,69,50,19,0,0,0,0,85,65,34,0,0,0,0,69,0
"Ellensburg, WA","21260",2017,59,22,34,3,0,0,0,128,86,56,0,0,0,0,59,0
"Enid, OK","21420",2017,111,104,7,0,0,0,0,90,26,1,0,0,0,111,0,0
"Eureka-Arcata-Fortuna, CA","21700",2017,29,24,5,0,0,0,0,70,64,20,0,0,0,0,29,0
"Evanston, WY","21740",2017,90,87,3,0,0,0,0,58,48,43,0,2,86,0,0,2
"Evansville, IN-KY","21780",2017,120,98,22,0,0,0,0,67,56,41,0,1,69,9,41,0
"Fargo, ND-MN","22020",2017,90,82,8,0,0,0,0,58,49,36,0,1,46,0,42,1
"Farmington, NM","22140",2017,114,96,18,0,0,0,0,97,54,36,0,6,108,0,0,0
"Fayetteville, NC","22180",2017,90,72,18,0,0,0,0,88,55,42,0,0,24,0,65,1
"Fayetteville-Springdale-Rogers, AR-MO","22220",2017,90,83,7,0,0,0,0,67,50,39,0,0,83,0,7,0
"Flagstaff, AZ","22380",2017,90,87,3,0,0,0,0,54,48,43,0,0,90,0,0,0
"Flint, MI","22420",2017,30,23,7,0,0,0,0,73,57,33,0,0,0,0,30,0
"Florence, SC","22500",2017,120,105,15,0,0,0,0,61,51,42,0,0,77,0,43,0
"Florence-Muscle Shoals, AL","22520",2017,51,47,4,0,0,0,0,63,46,41,0,0,28,0,23,0
"Fort Collins, CO","22660",2017,91,73,18,0,0,0,0,67,54,47,0,0,77,0,13,1
"Fort Madison-Keokuk, IA-IL-MO","22800",2017,25,21,4,0,0,0,0,66,56,37,0,0,0,0,25,0
"Fort Payne, AL","22840",2017,68,64,4,0,0,0,0,57,45,36,0,0,50,0,18,0
"Fort Smith, AR-OK","22900",2017,30,23,7,0,0,0,0,67,56,30,0,0,0,0,30,0
"Fort Wayne, IN","23060",2017,116,81,35,0,0,0,0,91,61,40,0,0,0,0,116,0
"Fresno, CA","23420",2017,89,78,10,1,0,0,0,112,56,37,0,1,71,0,17,0
"Gadsden, AL","23460",2017,87,54,33,0,0,0,0,90,62,47,0,0,7,0,80,0
"Gainesville, GA","23580",2017,20,17,3,0,0,0,0,66,58,30,0,0,0,0,20,0
"Georgetown, SC","23860",2017,117,116,1,0,0,0,0,63,31,15,0,0,0,0,0,117
"Gettysburg, PA","23900",2017,56,56,0,0,0,0,0,50,38,33,0,0,56,0,0,0
"Gillette, WY","23940",2017,90,69,21,0,0,0,0,92,57,41,0,0,61,0,3,26
"Glenwood Springs, CO","24060",2017,91,91,0,0,0,0,0,46,43,34,0,0,84,0,0,7
"Grand Island, NE","24260",2017,28,27,1,0,0,0,0,56,47,19,0,0,0,0,28,0
"Grand Junction, CO","24300",2017,96,87,9,0,0,0,0,76,50,40,0,0,70,0,20,6
"Grand Rapids-Wyoming, MI","24340",2017,30,19,11,0,0,0,0,90,67,44,0,0,0,0,30,0
"Great Falls, MT","24500",2017,58,51,7,0,0,0,0,63,53,32,0,0,0,0,58,0
"Greeley, CO","24540",2017,96,80,16,0,0,0,0,72,58,41,0,0,61,0,35,0
"Green Bay, WI","24580",2017,31,25,6,0,0,0,0,91,56,31,0,0,0,0,31,0
"Greenfield Town, MA","24640",2017,90,86,4,0,0,0,0,56,45,37,0,0,70,0,20,0
"Greensboro-High Point, NC","24660",2017,90,80,10,0,0,0,0,56,51,39,0,0,24,0,56,10
"Greenville, NC","24780",2017,90,82,8,0,0,0,0,63,49,33,0,0,28,0,62,0
"Greenville-Anderson-Mauldin, SC","24860",2017,120,75,45,0,0,0,0,84,60,45,0,0,71,0,49,0
"Greenwood, SC","24940",2017,9,9,0,0,0,0,0,33,33,25,0,0,9,0,0,0
"Hagerstown-Martinsburg, MD-WV","25180",2017,90,74,16,0,0,0,0,80,58,39,0,0,21,0,69,0
"Hanford-Corcoran, CA","25260",2017,120,105,14,1,0,0,0,127,54,36,0,0,97,0,8,15
"Harrison, AR","25460",2017,90,88,2,0,0,0,0,54,46,37,0,0,90,0,0,0
"Harrisonburg, VA","25500",2017,50,47,3,0,0,0,0,59,43,27,0,1,24,0,25,0
"Helena, MT","25740",2017,59,24,25,4,6,0,0,156,152,58,0,0,18,0,41,0
"Hickory-Lenoir-Morganton, NC","25860",2017,90,68,22,0,0,0,0,69,61,43,0,0,21,0,69,0
"Hilo, HI","25900",2017,90,11,4,11,62,2,0,277,200,199,0,0,0,79,11,0
"Holland, MI","26090",2017,28,21,7,0,0,0,0,77,63,36,0,0,0,0,28,0
"Hot Springs, AR","26300",2017,30,27,3,0,0,0,0,60,51,34,0,0,0,0,30,0
"Houma-Thibodaux, LA","26380",2017,120,108,12,0,0,0,0,74,51,37,0,0,111,0,9,0
"Houston-The Woodlands-Sugar Land, TX","26420",2017,90,72,18,0,0,0,0,66,55,41,0,12,38,0,40,0
"Huntington-Ashland, WV-KY-OH","26580",2017,90,85,5,0,0,0,0,55,46,33,0,0,28,0,62,0
"Huntsville, AL","26620",2017,45,44,1,0,0,0,0,65,43,10,0,0,0,0,18,27
"Idaho Falls, ID","26820",2017,90,90,0,0,0,0,0,45,44,41,0,0,90,0,0,0
"Indianapolis-Carmel-Anderson, IN","26900",2017,120,81,39,0,0,0,0,84,61,41,0,5,6,1,107,1
"Iowa City, IA","26980",2017,119,94,25,0,0,0,0,66,56,35,0,0,0,0,119,0
"Ithaca, NY","27060",2017,59,58,1,0,0,0,0,54,40,32,0,0,58,1,0,0
"Jackson, TN","27180",2017,20,18,2,0,0,0,0,53,51,25,0,0,0,0,20,0
"Jackson, WY-ID","27220",2017,90,85,5,0,0,0,0,69,48,43,0,0,85,0,5,0
"Jamestown, ND","27420",2017,90,89,1,0,0,0,0,55,13,6,0,0,0,13,0,77
"Jamestown-Dunkirk-Fredonia, NY","27460",2017,84,80,4,0,0,0,0,61,46,35,0,0,63,13,8,0
"Jasper, IN","27540",2017,95,92,3,0,0,0,0,66,40,4,0,0,0,59,30,6
"Jefferson City, MO","27620",2017,31,31,0,0,0,0,0,50,48,37,0,0,31,0,0,0
"Joplin, MO","27900",2017,90,78,12,0,0,0,0,67,53,24,0,0,24,0,0,66
"Kahului-Wailuku-Lahaina, HI","27980",2017,59,54,5,0,0,0,0,81,47,21,0,0,0,0,59,0
"Kalamazoo-Portage, MI","28020",2017,29,19,10,0,0,0,0,79,63,40,0,0,0,0,29,0
"Kalispell, MT","28060",2017,90,70,20,0,0,0,0,88,67,39,0,0,57,0,30,3
"Kansas City, MO-KS","28140",2017,90,46,44,0,0,0,0,97,72,50,0,1,11,2,64,12
"Kapaa, HI","28180",2017,59,58,1,0,0,0,0,53,34,13,0,10,0,0,49,0
"Kennewick-Richland, WA","28420",2017,59,38,21,0,0,0,0,79,63,39,0,0,0,0,57,2
"Killeen-Temple, TX","28660",2017,59,57,2,0,0,0,0,74,46,37,0,0,59,0,0,0
"Kingsport-Bristol-Bristol, TN-VA","28700",2017,28,25,3,0,0,0,0,59,51,25,0,0,0,0,28,0
"Kingsville, TX","28780",2017,55,45,10,0,0,0,0,64,55,35,0,0,0,0,55,0
"Kinston, NC","28820",2017,31,29,2,0,0,0,0,74,50,44,0,0,31,0,0,0
"Knoxville, TN","28940",2017,120,102,18,0,0,0,0,90,56,42,0,0,104,0,16,0
"Kokomo, IN","29020",2017,87,63,24,0,0,0,0,80,64,40,0,0,0,0,87,0
"La Crosse-Onalaska, WI-MN","29100",2017,31,24,7,0,0,0,0,68,57,31,0,0,0,0,31,0
"Lafayette, LA","29180",2017,120,104,16,0,0,0,0,80,51,40,0,0,110,0,10,0
"Lafayette-West Lafayette, IN","29200",2017,90,64,26,0,0,0,0,81,60,43,0,0,0,0,90,0
"Lake Charles, LA","29340",2017,120,81,39,0,0,0,0,98,59,44,0,1,41,2,76,0
"Lake Havasu City-Kingman, AZ","29420",2017,77,76,1,0,0,0,0,86,26,9,0,0,0,0,0,77
"Lansing-East Lansing, MI","29620",2017,30,22,8,0,0,0,0,78,62,36,0,0,0,0,30,0
"Laramie, WY","29660",2017,64,58,6,0,0,0,0,67,50,45,0,0,52,0,10,2
"Laredo, TX","29700",2017,59,47,12,0,0,0,0,87,59,38,0,0,15,0,44,0
"Las Cruces, NM","29740",2017,90,66,24,0,0,0,0,90,64,46,0,0,85,0,3,2
"Las Vegas-Henderson-Paradise, NV","29820",2017,90,71,19,0,0,0,0,81,58,45,0,17,48,0,25,0
"Lawrenceburg, TN","29980",2017,20,18,2,0,0,0,0,55,53,25,0,0,0,0,20,0
"Lawton, OK","30020",2017,120,105,15,0,0,0,0,67,53,40,0,0,88,0,32,0
"Lewiston, ID-WA","30300",2017,90,82,8,0,0,0,0,64,50,25,0,0,0,0,90,0
"Lewiston-Auburn, ME","30340",2017,88,76,12,0,0,0,0,72,53,39,0,0,43,0,45,0
"Lexington-Fayette, KY","30460",2017,31,30,1,0,0,0,0,53,37,24,0,5,0,0,26,0
"Lima, OH","30620",2017,90,86,4,0,0,0,0,60,44,27,0,0,29,0,61,0
"Lincoln, NE","30700",2017,30,27,3,0,0,0,0,61,51,25,0,0,0,0,30,0
"Little Rock-North Little Rock-Conway, AR","30780",2017,90,78,12,0,0,0,0,60,53,40,0,0,45,0,45,0
"Logan, UT-ID","30860",2017,120,86,22,8,4,0,0,167,115,44,0,0,67,0,53,0
"Longview, TX","30980",2017,90,88,2,0,0,0,0,74,44,35,0,3,86,1,0,0
"Longview, WA","31020",2017,59,49,10,0,0,0,0,58,52,28,0,0,0,0,59,0
"Louisville/Jefferson County, KY-IN","31140",2017,120,102,18,0,0,0,0,70,54,33,0,0,0,3,117,0
"Lubbock, TX","31180",2017,58,56,2,0,0,0,0,71,28,16,0,0,0,0,58,0
"Lynchburg, VA","31340",2017,29,28,1,0,0,0,0,54,38,20,0,0,0,0,29,0
"Macon, GA","31420",2017,90,74,16,0,0,0,0,81,58,42,0,0,24,0,66,0
"Madera, CA","31460",2017,2,1,1,0,0,0,0,96,96,96,0,0,0,0,2,0
"Madison, WI","31540",2017,31,22,9,0,0,0,0,74,68,40,0,0,0,0,31,0
"Malone, NY","31660",2017,89,89,0,0,0,0,0,1,1,0,0,0,0,89,0,0
"Marietta, OH","31930",2017,31,31,0,0,0,0,0,49,46,40,0,0,31,0,0,0
"Marshall, TX","32220",2017,90,81,9,0,0,0,0,94,51,38,0,0,55,0,35,0
"Mason City, IA","32380",2017,87,87,0,0,0,0,0,30,21,12,0,0,0,0,0,87
"McAlester, OK","32540",2017,117,88,29,0,0,0,0,100,62,41,0,0,65,0,52,0
"McAllen-Edinburg-Mission, TX","32580",2017,59,46,13,0,0,0,0,77,60,37,0,0,39,0,20,0
"Memphis, TN-MS-AR","32820",2017,120,112,8,0,0,0,0,60,50,38,0,1,63,0,56,0
"Merced, CA","32900",2017,59,41,17,1,0,0,0,110,77,37,0,0,27,0,32,0
"Miami, OK","33060",2017,70,63,7,0,0,0,0,93,53,33,0,0,34,0,34,2
"Michigan City-La Porte, IN","33140",2017,29,23,6,0,0,0,0,73,60,35,0,0,0,0,29,0
"Middlesborough, KY","33180",2017,6,6,0,0,0,0,0,43,43,30,0,0,0,0,6,0
"Milwaukee-Waukesha-West Allis, WI","33340",2017,31,17,14,0,0,0,0,81,68,46,0,1,2,0,28,0
"Minot, ND","33500",2017,71,70,1,0,0,0,0,51,39,33,0,0,62,0,9,0
"Missoula, MT","33540",2017,59,1,32,20,6,0,0,160,152,95,0,0,0,0,59,0
"Mobile, AL","33660",2017,90,71,17,2,0,0,0,139,53,40,0,0,18,2,70,0
"Modesto, CA","33700",2017,14,11,2,1,0,0,0,110,63,20,0,0,0,0,8,6
"Monroe, LA","33740",2017,118,114,4,0,0,0,0,67,46,35,0,0,118,0,0,0
"Monroe, MI","33780",2017,30,23,7,0,0,0,0,86,60,33,0,0,0,0,30,0
"Montgomery, AL","33860",2017,87,56,30,1,0,0,0,128,67,43,0,0,14,0,73,0
"Montrose, CO","33940",2017,88,88,0,0,0,0,0,50,44,37,0,0,88,0,0,0
"Morehead City, NC","33980",2017,51,50,1,0,0,0,0,58,44,35,0,0,51,0,0,0
"Morgantown, WV","34060",2017,90,90,0,0,0,0,0,49,40,4,0,0,31,59,0,0
"Moses Lake, WA","34180",2017,59,46,13,0,0,0,0,61,56,25,0,0,0,0,59,0
"Mount Pleasant, TX","34420",2017,90,90,0,0,0,0,0,47,13,0,0,0,0,90,0,0
"Mount Vernon, IL","34500",2017,90,76,14,0,0,0,0,61,54,38,0,0,25,0,65,0
"Mount Vernon, OH","34540",2017,31,31,0,0,0,0,0,48,42,38,0,0,31,0,0,0
"Mount Vernon-Anacortes, WA","34580",2017,128,127,1,0,0,0,0,51,43,36,0,0,110,0,18,0
"Muncie, IN","34620",2017,29,23,6,0,0,0,0,66,58,29,0,0,0,0,29,0
"Muscatine, IA","34700",2017,120,72,48,0,0,0,0,77,63,46,0,0,0,6,114,0
"Muskogee, OK","34780",2017,116,106,10,0,0,0,0,92,44,17,0,0,0,46,0,70
"Myrtle Beach-Conway-North Myrtle Beach, SC-NC","34820",2017,120,106,12,2,0,0,0,117,54,40,0,0,101,19,0,0
"Napa, CA","34900",2017,90,67,23,0,0,0,0,79,60,39,0,0,20,0,70,0
"Nashville-Davidson--Murfreesboro--Franklin, TN","34980",2017,20,19,1,0,0,0,0,59,50,25,0,0,0,0,20,0
"New Castle, IN","35220",2017,30,26,4,0,0,0,0,62,54,31,0,0,0,0,30,0
"New Orleans-Metairie, LA","35380",2017,120,86,34,0,0,0,0,96,67,45,0,1,73,14,32,0
"New York-Newark-Jersey City, NY-NJ-PA","35620",2017,90,31,58,1,0,0,0,115,77,54,0,8,24,0,58,0
"Niles-Benton Harbor, MI","35660",2017,30,23,7,0,0,0,0,75,59,35,0,0,0,0,30,0
"Nogales, AZ","35700",2017,90,62,28,0,0,0,0,92,63,38,0,0,0,0,49,41
"Odessa, TX","36220",2017,47,47,0,0,0,0,0,45,36,15,0,0,0,0,47,0
"Ogden-Clearfield, UT","36260",2017,120,83,27,9,1,0,0,153,89,46,0,17,71,0,31,1
"Ogdensburg-Massena, NY","36300",2017,90,57,25,8,0,0,0,108,100,31,0,0,0,90,0,0
"Oklahoma City, OK","36420",2017,120,87,33,0,0,0,0,97,60,44,0,10,63,0,47,0
"Olympia-Tumwater, WA","36500",2017,59,49,10,0,0,0,0,85,57,27,0,0,0,0,59,0
"Omaha-Council Bluffs, NE-IA","36540",2017,120,71,49,0,0,0,0,80,61,44,0,0,40,1,69,10
"Othello, WA","36830",2017,59,59,0,0,0,0,0,40,35,13,0,0,0,0,59,0
"Ottawa-Peru, IL","36860",2017,90,90,0,0,0,0,0,13,4,1,0,0,0,90,0,0
"Owensboro, KY","36980",2017,31,30,1,0,0,0,0,52,43,34,0,1,0,0,30,0
"Oxford, NC","37080",2017,31,30,1,0,0,0,0,51,48,43,0,0,31,0,0,0
"Oxnard-Thousand Oaks-Ventura, CA","37100",2017,90,75,15,0,0,0,0,87,58,43,0,0,68,0,22,0
"Paducah, KY-IL","37140",2017,31,31,0,0,0,0,0,43,38,30,0,0,0,0,31,0
"Parkersburg-Vienna, WV","37620",2017,78,78,0,0,0,0,0,45,40,11,0,0,30,48,0,0
"Payson, AZ","37740",2017,90,19,28,36,7,0,0,200,139,100,0,0,15,73,0,2
"Peoria, IL","37900",2017,90,77,13,0,0,0,0,70,54,37,0,0,45,2,43,0
"Philadelphia-Camden-Wilmington, PA-NJ-DE-MD","37980",2017,120,87,33,0,0,0,0,93,62,44,0,4,64,0,52,0
"Phoenix-Mesa-Scottsdale, AZ","38060",2017,90,40,49,1,0,0,0,103,67,51,0,10,42,0,33,5
"Pittsburgh, PA","38300",2017,90,52,35,3,0,0,0,140,82,47,0,0,29,4,57,0
"Pittsfield, MA","38340",2017,89,70,19,0,0,0,0,67,58,33,0,0,0,0,89,0
"Platteville, WI","38420",2017,31,25,6,0,0,0,0,71,57,33,0,0,0,0,31,0
"Pocatello, ID","38540",2017,91,88,3,0,0,0,0,72,30,15,0,0,0,0,74,17
"Point Pleasant, WV-OH","38580",2017,120,119,1,0,0,0,0,54,26,6,0,0,0,120,0,0
"Ponca City, OK","38620",2017,120,85,35,0,0,0,0,81,62,35,0,0,0,2,118,0
"Port Angeles, WA","38820",2017,59,40,19,0,0,0,0,67,60,43,0,0,14,0,45,0
"Portland-South Portland, ME","38860",2017,120,110,10,0,0,0,0,100,50,40,0,7,91,0,21,1
"Portland-Vancouver-Hillsboro, OR-WA","38900",2017,59,36,23,0,0,0,0,99,75,38,0,0,0,0,59,0
"Portsmouth, OH","39020",2017,90,88,2,0,0,0,0,54,35,13,0,0,0,6,30,54
"Prescott, AZ","39140",2017,89,76,13,0,0,0,0,74,54,45,0,0,89,0,0,0
"Price, UT","39220",2017,120,102,18,0,0,0,0,84,64,44,0,0,120,0,0,0
"Providence-Warwick, RI-MA","39300",2017,90,75,15,0,0,0,0,70,55,42,0,5,53,0,32,0
"Provo-Orem, UT","39340",2017,120,74,41,2,3,0,0,161,80,47,0,19,74,0,26,1
"Pueblo, CO","39380",2017,30,28,1,1,0,0,0,107,28,19,0,0,0,0,18,12
"Pullman, WA","39420",2017,59,58,1,0,0,0,0,54,42,19,0,0,0,0,59,0
"Quincy, IL-MO","39500",2017,31,31,0,0,0,0,0,50,44,38,0,0,31,0,0,0
"Raleigh, NC","39580",2017,90,60,30,0,0,0,0,71,61,46,0,0,29,0,61,0
"Red Bluff, CA","39780",2017,9,9,0,0,0,0,0,17,17,5,0,0,0,0,0,9
"Redding, CA","39820",2017,89,84,5,0,0,0,0,61,48,43,0,0,87,0,2,0
"Reno, NV","39900",2017,90,73,17,0,0,0,0,99,59,44,0,6,61,0,21,2
"Richmond, VA","40060",2017,98,91,7,0,0,0,0,64,45,32,0,3,13,0,74,8
"Richmond-Berea, KY","40080",2017,9,7,2,0,0,0,0,53,53,26,0,0,0,0,9,0
"Riverside-San Bernardino-Ontario, CA","40140",2017,120,63,47,9,0,0,1,365,97,50,0,0,100,0,11,9
"Riverton, WY","40180",2017,90,71,19,0,0,0,0,83,71,46,0,0,78,0,12,0
"Roanoke, VA","40220",2017,90,85,5,0,0,0,0,64,42,27,0,0,20,0,70,0
"Rochester, NY","40380",2017,90,76,14,0,0,0,0,77,54,38,0,0,51,0,39,0
"Rock Springs, WY","40540",2017,116,89,26,1,0,0,0,112,67,45,0,2,111,0,2,1
"Rockford, IL","40420",2017,88,83,5,0,0,0,0,85,44,33,0,0,70,0,18,0
"Rocky Mount, NC","40580",2017,87,81,6,0,0,0,0,58,47,31,0,0,26,0,61,0
"Rome, GA","40660",2017,90,72,18,0,0,0,0,69,56,25,0,0,0,43,47,0
"Sacramento--Roseville--Arden-Arcade, CA","40900",2017,90,78,12,0,0,0,0,79,54,42,0,0,77,0,13,0
"Salem, OH","41400",2017,95,95,0,0,0,0,0,26,14,1,0,0,0,75,0,20
"Salinas, CA","41500",2017,90,88,2,0,0,0,0,89,42,36,0,0,82,0,8,0
"Salisbury, MD-DE","41540",2017,120,102,18,0,0,0,0,67,57,41,0,0,82,0,38,0
"Salt Lake City, UT","41620",2017,120,82,31,7,0,0,0,130,78,46,0,4,81,0,34,1
"San Antonio-New Braunfels, TX","41700",2017,90,75,14,0,1,0,0,156,61,42,0,3,48,0,39,0
"San Diego-Carlsbad, CA","41740",2017,93,30,62,1,0,0,0,112,73,56,0,0,45,0,47,1
"San Francisco-Oakland-Hayward, CA","41860",2017,90,69,21,0,0,0,0,90,62,42,0,5,39,0,46,0
"San Jose-Sunnyvale-Santa Clara, CA","41940",2017,90,78,12,0,0,0,0,99,54,38,0,3,62,0,25,0
"San Luis Obispo-Paso Robles-Arroyo Grande, CA","42020",2017,59,53,6,0,0,0,0,63,51,38,0,0,46,0,12,1
"Sanford, NC","41820",2017,89,73,16,0,0,0,0,83,54,43,0,0,54,0,35,0
"Santa Cruz-Watsonville, CA","42100",2017,90,87,3,0,0,0,0,64,43,35,0,0,74,0,16,0
"Santa Maria-Santa Barbara, CA","42200",2017,46,43,1,1,0,1,0,264,45,37,0,0,28,0,0,18
"Santa Rosa, CA","42220",2017,90,81,9,0,0,0,0,68,52,33,0,0,60,0,30,0
"Sault Ste. Marie, MI","42300",2017,28,25,3,0,0,0,0,79,60,19,0,0,0,0,28,0
"Savannah, GA","42340",2017,90,77,13,0,0,0,0,80,54,36,0,0,21,11,58,0
"Scottsbluff, NE","42420",2017,29,28,1,0,0,0,0,59,46,18,0,0,0,0,29,0
"Seattle-Tacoma-Bellevue, WA","42660",2017,59,23,31,4,1,0,0,155,99,61,0,3,13,0,43,0
"Sebastian-Vero Beach, FL","42680",2017,57,54,3,0,0,0,0,58,48,41,0,0,57,0,0,0
"Seneca Falls, NY","42900",2017,78,78,0,0,0,0,0,3,0,0,0,0,0,78,0,0
"Seneca, SC","42860",2017,120,99,21,0,0,0,0,84,58,44,0,0,108,2,10,0
"Sevierville, TN","42940",2017,89,88,1,0,0,0,0,54,48,42,0,0,89,0,0,0
"Shelton, WA","43220",2017,59,49,10,0,0,0,0,66,54,26,0,0,0,0,59,0
"Sheridan, WY","43260",2017,90,83,7,0,0,0,0,77,43,15,0,0,0,0,28,62
"Show Low, AZ","43320",2017,90,90,0,0,0,0,0,50,47,39,0,0,78,0,0,12
"Shreveport-Bossier City, LA","43340",2017,120,104,16,0,0,0,0,87,54,37,0,0,100,0,20,0
"Sierra Vista-Douglas, AZ","43420",2017,90,80,10,0,0,0,0,67,52,44,0,0,80,0,2,8
"Sioux City, IA-NE-SD","43580",2017,116,113,3,0,0,0,0,65,34,0,0,0,0,85,27,4
"Somerset, KY","43700",2017,11,11,0,0,0,0,0,49,46,21,0,0,0,0,11,0
"Somerset, PA","43740",2017,59,58,1,0,0,0,0,54,40,32,0,0,59,0,0,0
"South Bend-Mishawaka, IN-MI","43780",2017,112,97,15,0,0,0,0,84,52,19,0,66,0,0,46,0
"Spartanburg, SC","43900",2017,117,95,22,0,0,0,0,84,58,44,0,0,64,0,53,0
"Spokane-Spokane Valley, WA","44060",2017,59,19,40,0,0,0,0,84,75,57,0,0,0,0,57,2
"Springfield, IL","44100",2017,89,82,7,0,0,0,0,69,47,32,0,0,75,0,14,0
"Springfield, MA","44140",2017,90,71,19,0,0,0,0,68,56,42,0,2,55,0,33,0
"Springfield, MO","44180",2017,90,77,13,0,0,0,0,63,53,35,0,0,27,0,63,0
"Springfield, OH","44220",2017,120,97,23,0,0,0,0,77,57,39,0,0,49,0,71,0
"St. George, UT","41100",2017,120,103,17,0,0,0,0,90,58,43,0,0,118,0,2,0
"St. Joseph, MO-KS","41140",2017,90,66,24,0,0,0,0,74,59,40,0,0,13,0,67,10
"St. Louis, MO-IL","41180",2017,90,49,41,0,0,0,0,81,65,49,0,8,13,3,64,2
"St. Marys, PA","41260",2017,58,57,1,0,0,0,0,54,39,33,0,0,58,0,0,0
"State College, PA","44300",2017,58,57,1,0,0,0,0,54,39,32,0,0,58,0,0,0
"Steamboat Springs, CO","44460",2017,70,68,2,0,0,0,0,53,41,17,0,0,0,0,0,70
"Stockton-Lodi, CA","44700",2017,36,23,13,0,0,0,0,96,74,31,0,0,0,0,31,5
"Summerville, GA","44900",2017,31,31,0,0,0,0,0,47,44,40,0,0,31,0,0,0
"Syracuse, NY","45060",2017,90,81,9,0,0,0,0,77,54,38,0,0,75,0,15,0
"Talladega-Sylacauga, AL","45180",2017,29,21,8,0,0,0,0,70,58,36,0,0,0,0,29,0
"Terre Haute, IN","45460",2017,120,82,38,0,0,0,0,87,61,41,0,0,0,3,117,0
"Texarkana, TX-AR","45500",2017,90,83,7,0,0,0,0,60,49,29,0,0,0,0,90,0
"Toledo, OH","45780",2017,90,75,14,1,0,0,0,107,57,37,0,0,25,0,65,0
"Topeka, KS","45820",2017,89,86,3,0,0,0,0,60,45,33,0,0,75,0,12,2
"Trenton, NJ","45940",2017,58,58,0,0,0,0,0,44,38,30,0,0,58,0,0,0
"Truckee-Grass Valley, CA","46020",2017,90,83,7,0,0,0,0,71,50,44,0,0,86,0,4,0
"Tucson, AZ","46060",2017,90,62,27,1,0,0,0,101,62,45,0,0,52,0,3,35
"Tulsa, OK","46140",2017,120,80,39,1,0,0,0,102,62,43,0,0,68,0,52,0
"Tuscaloosa, AL","46220",2017,80,61,18,1,0,0,0,123,56,42,0,0,20,0,60,0
"Twin Falls, ID","46300",2017,75,73,2,0,0,0,0,59,24,17,0,0,0,0,75,0
"Tyler, TX","46340",2017,90,86,4,0,0,0,0,90,45,36,0,5,85,0,0,0
"Urban Honolulu, HI","46520",2017,69,64,5,0,0,0,0,60,48,38,0,1,48,0,20,0
"Utica-Rome, NY","46540",2017,90,77,13,0,0,0,0,61,54,37,0,0,47,0,43,0
"Valdosta, GA","46660",2017,90,69,21,0,0,0,0,95,60,38,0,0,0,0,90,0
"Vallejo-Fairfield, CA","46700",2017,90,76,14,0,0,0,0,73,59,38,0,0,48,0,42,0
"Vernal, UT","46860",2017,120,92,22,6,0,0,0,122,71,46,0,0,112,0,8,0
"Victoria, TX","47020",2017,58,57,1,0,0,0,0,51,44,35,0,0,58,0,0,0
"Vincennes, IN","47180",2017,59,59,0,0,0,0,0,46,38,30,0,0,59,0,0,0
"Vineyard Haven, MA","47240",2017,89,89,0,0,0,0,0,49,45,39,0,0,89,0,0,0
"Virginia Beach-Norfolk-Newport News, VA-NC","47260",2017,97,91,6,0,0,0,0,59,44,27,0,2,19,0,69,7
"Visalia-Porterville, CA","47300",2017,79,71,7,1,0,0,0,102,54,33,0,0,67,0,12,0
"Wabash, IN","47340",2017,59,59,0,0,0,0,0,43,38,30,0,0,59,0,0,0
"Waco, TX","47380",2017,59,56,3,0,0,0,0,58,45,34,0,2,45,0,12,0
"Walla Walla, WA","47460",2017,59,39,20,0,0,0,0,69,60,35,0,0,0,0,59,0
"Walterboro, SC","47500",2017,120,96,24,0,0,0,0,82,56,40,0,0,72,0,48,0
"Warner Robins, GA","47580",2017,89,65,23,1,0,0,0,141,62,33,0,0,0,0,89,0
"Washington Court House, OH","47920",2017,59,59,0,0,0,0,0,44,37,29,0,0,59,0,0,0
"Washington, IN","47780",2017,89,89,0,0,0,0,0,26,10,4,0,0,0,89,0,0
"Washington, NC","47820",2017,90,90,0,0,0,0,0,31,13,0,0,0,0,90,0,0
"Washington-Arlington-Alexandria, DC-VA-MD-WV","47900",2017,123,88,35,0,0,0,0,71,59,44,0,2,38,0,80,3
"Waterloo-Cedar Falls, IA","47940",2017,118,58,60,0,0,0,0,77,66,51,0,0,10,0,108,0
"Watertown-Fort Drum, NY","48060",2017,88,84,3,1,0,0,0,101,44,35,0,0,88,0,0,0
"Weatherford, OK","48220",2017,105,103,2,0,0,0,0,88,31,14,0,0,0,0,0,105
"Weirton-Steubenville, WV-OH","48260",2017,90,38,52,0,0,0,0,82,71,53,0,0,3,2,85,0
"Wenatchee, WA","48300",2017,59,41,18,0,0,0,0,95,74,38,0,0,0,0,59,0
"Wheeling, WV-OH","48540",2017,90,59,31,0,0,0,0,83,69,44,0,0,16,0,74,0
"Wichita, KS","48620",2017,90,68,22,0,0,0,0,95,59,39,0,3,42,0,24,21
"Williston, ND","48780",2017,90,89,1,0,0,0,0,52,42,33,0,0,55,0,35,0
"Wilmington, NC","48900",2017,90,84,6,0,0,0,0,59,50,27,0,0,28,1,61,0
"Wilmington, OH","48940",2017,31,31,0,0,0,0,0,48,44,38,0,0,31,0,0,0
"Winchester, VA-WV","49020",2017,58,51,7,0,0,0,0,68,55,30,0,0,14,0,36,8
"Winston-Salem, NC","49180",2017,90,74,16,0,0,0,0,67,53,41,0,6,24,0,60,0
"Worcester, MA-CT","49340",2017,90,82,8,0,0,0,0,58,50,41,0,12,58,0,20,0
"Yakima, WA","49420",2017,59,20,30,9,0,0,0,148,114,62,0,0,0,0,59,0
"Youngstown-Warren-Boardman, OH-PA","49660",2017,90,75,15,0,0,0,0,79,54,38,0,0,50,0,40,0
"Yuba City, CA","49700",2017,28,22,6,0,0,0,0,74,66,16,0,0,0,0,28,0
"Yuma, AZ","49740",2017,90,68,21,0,0,1,0,235,55,44,0,0,49,0,14,27
